Label,# Samples,Average,Median,90% Line,95% Line,99% Line,Min,Max,Error %,Throughput,Received KB/sec,Sent KB/sec
TC01_Details_Worker,48195,1138,1121,1686,1878,2267,256,5619,0.000%,13.02212,18.18,0.00
TC02_Get_List_of_Workers,48188,1945,1846,2752,3049,3610,640,6497,0.000%,13.02296,40.98,0.00
TC03_Get_Returns_Worker_Types,48172,1110,1078,1680,1875,2290,116,6443,0.000%,13.02398,10.66,0.00
TC04_Get_Download_link_Photo,48156,891,847,1495,1725,2163,112,4083,0.000%,13.01914,10.55,0.00
TC05_Get_List_of_Manual_Calls_Absence,48145,1192,1154,1886,2119,2640,140,5949,0.000%,13.01216,12.60,0.00
TC06_Get_WorkerType_Substitute_Questions,48128,1300,1249,2050,2295,2797,147,4681,0.000%,13.00817,11.69,0.00
TOTAL,288984,1263,1190,2050,2370,3047,112,6497,0.000%,78.07061,104.61,0.00
