Label,# Samples,Average,Median,90% Line,95% Line,99% Line,Min,Max,Error %,Throughput,Received KB/sec,Sent KB/sec
TC01_Details_Worker,42799,2605,2566,3678,4171,5162,258,8186,0.000%,11.26132,15.73,0.00
TC02_Get_List_of_Workers,42756,3735,3464,5517,6100,7329,631,9770,0.000%,11.24784,35.47,0.00
TC03_Get_Returns_Worker_Types,42716,2819,2700,4199,4732,5826,115,8263,0.000%,11.24469,9.22,0.00
TC04_Get_Download_link_Photo,42685,2551,2517,3632,4156,5286,114,8181,0.000%,11.23681,9.20,0.00
TC05_Get_List_of_Manual_Calls_Absence,42638,2826,2758,4012,4636,5822,139,8378,0.000%,11.22494,10.91,0.00
TC06_Get_WorkerType_Substitute_Questions,42634,2791,2715,3951,4505,5663,144,8920,0.000%,11.22416,10.13,0.00
TOTAL,256228,2888,2772,4264,4934,6211,114,9770,0.000%,67.39634,90.61,0.00
