Label,# Samples,Average,Median,90% Line,95% Line,99% Line,Min,Max,Error %,Throughput,Received KB/sec,Sent KB/sec
Absence_history,35561,351,301,479,545,1090,175,8294,0.000%,9.87767,5.81,4.93
/api/absenceApprovers,35557,561,499,700,803,1602,147,399544,3.023%,9.87690,6.43,4.94
Api/states,35546,251,202,372,423,936,87,8198,0.000%,9.87585,27.63,4.68
/api/employee/address,35543,544,496,696,798,1499,192,399107,3.002%,9.87479,3.14,4.94
/api/employees,35535,759,697,900,1016,1906,192,399808,3.008%,9.87324,6.44,4.71
/api/employee/logs,35529,570,500,701,813,1757,101,399545,3.009%,9.87325,5.83,5.27
/api/employee,35521,540,497,699,805,1705,194,10501,2.998%,9.87210,3.79,4.86
Api/employee/detail,35515,644,596,799,902,1798,147,399633,3.007%,9.87134,13.29,4.93
TOTAL,284307,527,497,734,883,1586,87,399808,2.256%,78.96666,72.34,39.23
