Label,# Samples,Average,Median,90% Line,95% Line,99% Line,Min,Max,Error %,Throughput,Received KB/sec,Sent KB/sec
Absence_history,35561,351,301,479,545,1090,175,8294,0.000%,9.87767,5.81,4.93
/api/absenceApprovers,34482,535,498,699,801,1504,220,10506,0.000%,9.91654,6.58,4.96
Api/states,35546,251,202,372,423,936,87,8198,0.000%,9.87585,27.63,4.68
/api/employee/address,34476,529,496,696,796,1395,203,10395,0.000%,9.91640,3.17,4.96
/api/employees,34466,738,698,900,1008,1799,379,10698,0.000%,9.91393,6.58,4.72
/api/employee/logs,34460,544,500,700,805,1642,217,10403,0.000%,9.91340,5.95,5.30
/api/employee,34456,535,496,698,800,1584,208,10501,0.000%,9.91393,3.84,4.88
Api/employee/detail,34447,631,596,798,901,1711,298,10096,0.000%,9.91229,13.67,4.95
TOTAL,277894,513,496,726,867,1497,87,10698,0.000%,77.18975,71.85,38.34
