Label,# Samples,Average,Median,90% Line,95% Line,99% Line,Min,Max,Error %,Throughput,Received KB/sec,Sent KB/sec
/api/absenceApprovers,1075,1392,505,1097,1516,2804,147,399544,100.000%,.34212,0.09,0.17
/api/employees,1069,1423,582,1192,1626,3202,192,399808,100.000%,.34019,0.09,0.16
Api/employee/detail,1068,1042,583,1001,1512,3010,147,399633,100.000%,.33990,0.09,0.17
/api/employee/logs,1069,1418,587,1103,1596,2897,101,399545,100.000%,.34022,0.09,0.18
/api/employee/address,1067,1022,569,897,1401,3098,192,399107,100.000%,.34170,0.09,0.17
/api/employee,1065,697,589,1305,1696,2588,194,4392,100.000%,8.65917,2.39,4.26
TOTAL,6413,1166,573,1100,1560,3010,101,399808,100.000%,2.04080,0.56,1.02
