Label,# Samples,Average,Median,90% Line,95% Line,99% Line,Min,Max,Error %,Throughput,Received KB/sec,Sent KB/sec
TC01_Details_Worker,49772,4880,4915,6422,7004,8020,258,13753,0.000%,12.43846,17.38,0.00
TC02_Get_List_of_Workers,49734,5750,5557,7741,8934,11471,631,15314,0.000%,12.42944,39.22,0.00
TC03_Get_Returns_Worker_Types,49689,5109,4980,7075,7970,10273,113,14096,0.000%,12.42235,10.18,0.00
TC04_Get_Download_link_Photo,49646,4878,4858,6584,7390,8908,113,14100,0.000%,12.41203,10.17,0.00
TC05_Get_List_of_Manual_Calls_Absence,49560,5063,5052,6729,7535,8959,147,14373,0.000%,12.39082,12.06,0.00
TC06_Get_WorkerType_Substitute_Questions,49473,4943,4915,6446,7116,8632,145,12683,0.000%,12.36960,11.17,0.00
TOTAL,297874,5104,5058,6831,7616,9717,113,15314,0.000%,74.43194,100.15,0.00
